domain,vertical,city,stratum
toddtax.com,accounting,San Francisco,metro
howestax.com,accounting,San Francisco,metro
hrblock.com,accounting,San Francisco,metro
nonprofitaccountancy.com,accounting,San Francisco,metro
antoninicpas.com,accounting,San Francisco,metro
taxbreakerscpa.com,accounting,San Francisco,metro
lacayo.com,accounting,San Francisco,metro
cortestaxservice.com,accounting,San Francisco,metro
infinitytaxandfinancialservice.com,accounting,San Francisco,metro
parksmile.net,dentist,San Francisco,metro
haightstreetdental.com,dentist,San Francisco,metro
dentalcenterimaging.biz,dentist,San Francisco,metro
seacliffdentalsf.com,dentist,San Francisco,metro
westlake-dentalcare.com,dentist,San Francisco,metro
diamonddentalsf.com,dentist,San Francisco,metro
gearydental.com,dentist,San Francisco,metro
dentistsanfrancisco.com,dentist,San Francisco,metro
vannessdentalcare.com,dentist,San Francisco,metro
unionsquaredentalgroup.com,dentist,San Francisco,metro
dentalspasanfrancisco.com,dentist,San Francisco,metro
kingstdental.com,dentist,San Francisco,metro
folsomstreetdental.com,dentist,San Francisco,metro
onsitedental.com,dentist,San Francisco,metro
onemarketdental.com,dentist,San Francisco,metro
openwidesf.com,dentist,San Francisco,metro
valenciadentalcenter.com,dentist,San Francisco,metro
missiondental.net,dentist,San Francisco,metro
westerndental.com,dentist,San Francisco,metro
lorraineoconnordds.com,dentist,San Francisco,metro
gonzalezdentalcare.com,dentist,San Francisco,metro
sfpremierdental.com,dentist,San Francisco,metro
imageorthodontics.com,dentist,San Francisco,metro
kalismileskids.com,dentist,San Francisco,metro
cucalonorthodontics.com,dentist,San Francisco,metro
missionterracedental.com,dentist,San Francisco,metro
zorelaw.com,lawyer,San Francisco,metro
miyakelaw.com,lawyer,San Francisco,metro
laborlawoffice.com,lawyer,San Francisco,metro
bvlawsf.com,lawyer,San Francisco,metro
danroselaw.com,lawyer,San Francisco,metro
pasternaklaw.com,lawyer,San Francisco,metro
connlawpc.com,lawyer,San Francisco,metro
riberalaw.com,lawyer,San Francisco,metro
laborlawfirm.com,lawyer,San Francisco,metro
avlonilaw.com,lawyer,San Francisco,metro
dgglaw.com,lawyer,San Francisco,metro
uthmanlawoffice.com,lawyer,San Francisco,metro
personalinjurylawcal.com,lawyer,San Francisco,metro
fenchelfamilylaw.com,lawyer,San Francisco,metro
hasselllawgroup.com,lawyer,San Francisco,metro
gjel.com,lawyer,San Francisco,metro
hkm.com,lawyer,San Francisco,metro
kermanillp.com,lawyer,San Francisco,metro
squeezebloodfromturnip.com,lawyer,San Francisco,metro
jvlaw.com,lawyer,San Francisco,metro
jacobyandmeyers.com,lawyer,San Francisco,metro
sfpublicdefender.org,lawyer,San Francisco,metro
mjqlaw.com,lawyer,San Francisco,metro
aceplumbingandrooter.com,plumber,San Francisco,metro
fivestarplumbingsf.com,plumber,San Francisco,metro
revestor.com,real_estate,San Francisco,metro
ravenios.com,real_estate,San Francisco,metro
jodigroup.com,real_estate,San Francisco,metro
realestatesf.com,real_estate,San Francisco,metro
coldwellbankerhomes.com,real_estate,San Francisco,metro
remax.com,real_estate,San Francisco,metro
gobhg.com,real_estate,San Francisco,metro
rayrealtor.com,real_estate,San Francisco,metro
side.com,real_estate,San Francisco,metro
kinokorealestate.com,real_estate,San Francisco,metro
sothebysrealty.com,real_estate,San Francisco,metro
makrasrealestate.com,real_estate,San Francisco,metro
lavandenailspa.com,beauty_medspa,San Francisco,metro
castronailsalon.com,beauty_medspa,San Francisco,metro
handjobspa.com,beauty_medspa,San Francisco,metro
sparklesanfrancisco.com,beauty_medspa,San Francisco,metro
sfnailarts.com,beauty_medspa,San Francisco,metro
usapothecary.com,beauty_medspa,San Francisco,metro
benefitcosmetics.com,beauty_medspa,San Francisco,metro
atelieremmanuel.com,beauty_medspa,San Francisco,metro
thi-spa.com,beauty_medspa,San Francisco,metro
cozynailspasf.com,beauty_medspa,San Francisco,metro
izzysbeautyshop.glossgenius.com,beauty_medspa,San Francisco,metro
lv-nail.com,beauty_medspa,San Francisco,metro
thefacialplus.com,beauty_medspa,San Francisco,metro
zendayspa.com,beauty_medspa,San Francisco,metro
bibbohairsalonandspa.com,beauty_medspa,San Francisco,metro
cinta.com,beauty_medspa,San Francisco,metro
qspa.net,beauty_medspa,San Francisco,metro
edgebrows.com,beauty_medspa,San Francisco,metro
glitznglamspa.com,beauty_medspa,San Francisco,metro
hairkrave.com,beauty_medspa,San Francisco,metro
punchkingfitness.com,beauty_medspa,San Francisco,metro
locations.waxcenter.com,beauty_medspa,San Francisco,metro
sfwax.com,beauty_medspa,San Francisco,metro
lashspotsf.com,beauty_medspa,San Francisco,metro
hayesvalleymed.com,beauty_medspa,San Francisco,metro
archernailbar.com,beauty_medspa,San Francisco,metro
credobeauty.com,beauty_medspa,San Francisco,metro
earthbody.net,beauty_medspa,San Francisco,metro
sfhouseofnails.com,beauty_medspa,San Francisco,metro
mspasf.com,beauty_medspa,San Francisco,metro
sevlaser.com,beauty_medspa,San Francisco,metro
safbeautysf.com,beauty_medspa,San Francisco,metro
restoreaesthetics.com,beauty_medspa,San Francisco,metro
lashm.com,beauty_medspa,San Francisco,metro
mizuspasf.com,beauty_medspa,San Francisco,metro
buildingefficiency.net,hvac,San Francisco,metro
sevenhillsvet.com,veterinary,San Francisco,metro
sfhealthypets.com,veterinary,San Francisco,metro
omegavetsf.com,veterinary,San Francisco,metro
parkanimalvetsf.com,veterinary,San Francisco,metro
nobhillcatclinic.com,veterinary,San Francisco,metro
sfurbanpethospital.com,veterinary,San Francisco,metro
animalfarmpethospital.com,veterinary,San Francisco,metro
sagecenters.com,veterinary,San Francisco,metro
somaanimalhospital.com,veterinary,San Francisco,metro
especiallycats.com,veterinary,San Francisco,metro
arguellopet.com,veterinary,San Francisco,metro
irvingpethospital.com,veterinary,San Francisco,metro
oceanavevethosp.com,veterinary,San Francisco,metro
balboapethospital.com,veterinary,San Francisco,metro
sunset76.com,auto_repair,San Francisco,metro
sfmarinaservice.com,auto_repair,San Francisco,metro
thegaragesf.com,auto_repair,San Francisco,metro
kshautomotive.com,auto_repair,San Francisco,metro
callcarcollision.com,auto_repair,San Francisco,metro
smogqueen.org,auto_repair,San Francisco,metro
patsgarage.com,auto_repair,San Francisco,metro
sftoyota.com,auto_repair,San Francisco,metro
calautorepair.com,auto_repair,San Francisco,metro
metromotorsf.com,auto_repair,San Francisco,metro
salsautohaussf.net,auto_repair,San Francisco,metro
vkautosport.com,auto_repair,San Francisco,metro
westwindautomotive.com,auto_repair,San Francisco,metro
store.vioc.com,auto_repair,San Francisco,metro
sfautoworks.com,auto_repair,San Francisco,metro
tonyscollisioncenter.com,auto_repair,San Francisco,metro
juareztiresandbrakes.com,auto_repair,San Francisco,metro
selectaautobody.com,auto_repair,San Francisco,metro
castrovision.com,optician,San Francisco,metro
westportaloptical.com,optician,San Francisco,metro
sfeyedocs.com,optician,San Francisco,metro
veooptics.com,optician,San Francisco,metro
ahlemeyewear.com,optician,San Francisco,metro
local.lenscrafters.com,optician,San Francisco,metro
warbyparker.com,optician,San Francisco,metro
valdezoptometry.com,optician,San Francisco,metro
genevaeyecare.com,optician,San Francisco,metro
tlchan.com,optician,San Francisco,metro
oliverpeoples.com,optician,San Francisco,metro
junechunod.net,optician,San Francisco,metro
lbacpa.com,accounting,Chicago,metro
office.jacksonhewitt.com,accounting,Chicago,metro
vargasfinancialincorporated.com,accounting,Chicago,metro
cca-advisors.com,accounting,Chicago,metro
taxesonthegoinc.com,accounting,Chicago,metro
rojastaxes.com,accounting,Chicago,metro
freshworksdental.com,dentist,Chicago,metro
brighterdentalchicago.com,dentist,Chicago,metro
thechicagodentalstudio.com,dentist,Chicago,metro
chicagodentalboutique.com,dentist,Chicago,metro
familydentalofroscoe.com,dentist,Chicago,metro
abcdentalchicago.com,dentist,Chicago,metro
mydente.com,dentist,Chicago,metro
modernsmileschicago.com,dentist,Chicago,metro
leedentalclinic.com,dentist,Chicago,metro
32andudental.com,dentist,Chicago,metro
dentologie.com,dentist,Chicago,metro
elitedental.org,dentist,Chicago,metro
bigsmiledental.com,dentist,Chicago,metro
milktoothdental.com,dentist,Chicago,metro
strobeldentistry.com,dentist,Chicago,metro
orthodonticexprts.com,dentist,Chicago,metro
flossandcompany.com,dentist,Chicago,metro
sonrisafamilydental.com,dentist,Chicago,metro
ronaldzelikowdds.com,dentist,Chicago,metro
dentartchicago.com,dentist,Chicago,metro
dentistschicago.com,dentist,Chicago,metro
burbanksmiles.com,dentist,Chicago,metro
emergencydentistchicago.com,dentist,Chicago,metro
rivervillagedental.com,dentist,Chicago,metro
sloopdental.com,dentist,Chicago,metro
nkfamilydental.com,dentist,Chicago,metro
atoothcompany.com,dentist,Chicago,metro
malmanlaw.com,lawyer,Chicago,metro
whitesecuritieslaw.com,lawyer,Chicago,metro
hargerlawfirm.com,lawyer,Chicago,metro
avenlaw.com,lawyer,Chicago,metro
criminaldefenseattorneyinchicago.com,lawyer,Chicago,metro
leonlawyer.com,lawyer,Chicago,metro
budinlawoffices.com,lawyer,Chicago,metro
thekarlinlawfirm.com,lawyer,Chicago,metro
mjpetro.com,lawyer,Chicago,metro
scanlanlawgroup.com,lawyer,Chicago,metro
desalvolaw.com,lawyer,Chicago,metro
trlawyer.com,lawyer,Chicago,metro
illinoislawforyou.com,lawyer,Chicago,metro
mjblawchicago.com,lawyer,Chicago,metro
driverdefenseteam.com,lawyer,Chicago,metro
divorcelawyerschicago.org,lawyer,Chicago,metro
nslslaw.com,lawyer,Chicago,metro
ansarishapiro.com,lawyer,Chicago,metro
rosenfeldinjurylaw.com,lawyer,Chicago,metro
attorneyshaytallen.com,lawyer,Chicago,metro
criminallawyer-chicago.com,lawyer,Chicago,metro
lambergoodnow.com,lawyer,Chicago,metro
creditrepairlawyersam.com,lawyer,Chicago,metro
drakecollopy.com,lawyer,Chicago,metro
forthepeople.com,lawyer,Chicago,metro
glozmanlaw.com,lawyer,Chicago,metro
sterlinglawyers.com,lawyer,Chicago,metro
chicagocaraccidentlawyer.com,lawyer,Chicago,metro
salvilaw.com,lawyer,Chicago,metro
lanebrownlaw.com,lawyer,Chicago,metro
cheronislaw.com,lawyer,Chicago,metro
shindlerandshindler.com,lawyer,Chicago,metro
teamjustice.com,lawyer,Chicago,metro
chicagobusinessattorneys.net,lawyer,Chicago,metro
chicagopremierattorney.com,lawyer,Chicago,metro
roddingrooter.com,plumber,Chicago,metro
kuhnplumbing.com,plumber,Chicago,metro
rocketplumbingnow.com,plumber,Chicago,metro
apartmentpeople.com,real_estate,Chicago,metro
soberlivingchicago.org,real_estate,Chicago,metro
tomcampone.com,real_estate,Chicago,metro
centercoastrealty.com,real_estate,Chicago,metro
cash4owner.com,real_estate,Chicago,metro
r2.me,real_estate,Chicago,metro
infinitiproperties.net,real_estate,Chicago,metro
rootrealty.com,real_estate,Chicago,metro
lakesidemortgage.net,real_estate,Chicago,metro
bestchicagoproperties.com,real_estate,Chicago,metro
salonchiclogansquare.com,beauty_medspa,Chicago,metro
ulta.com,beauty_medspa,Chicago,metro
elitenailsskspa.com,beauty_medspa,Chicago,metro
xostudiochicago.com,beauty_medspa,Chicago,metro
paradiseunisex.com,beauty_medspa,Chicago,metro
nailcollabchicago.com,beauty_medspa,Chicago,metro
palmbeachtan.com,beauty_medspa,Chicago,metro
beautysoulspa.com,beauty_medspa,Chicago,metro
spasocialside.com,beauty_medspa,Chicago,metro
hsbtanning.com,beauty_medspa,Chicago,metro
browsthreading.biz,beauty_medspa,Chicago,metro
spaavenue.net,beauty_medspa,Chicago,metro
heydayskincare.com,beauty_medspa,Chicago,metro
epochchicago.com,beauty_medspa,Chicago,metro
girlfriendsonstate.com,beauty_medspa,Chicago,metro
laseraway.com,beauty_medspa,Chicago,metro
pinkalsthreadingwaxingsalon.com,beauty_medspa,Chicago,metro
glamournailsinlakeview.com,beauty_medspa,Chicago,metro
hmedicalspa.com,beauty_medspa,Chicago,metro
booksy.com,beauty_medspa,Chicago,metro
mfaesthetics.com,beauty_medspa,Chicago,metro
milanlaser.com,beauty_medspa,Chicago,metro
chloechenspa.com,beauty_medspa,Chicago,metro
deciem.com,beauty_medspa,Chicago,metro
lenarosebeauty.com,beauty_medspa,Chicago,metro
refilleri.com,beauty_medspa,Chicago,metro
thewispybrow.com,beauty_medspa,Chicago,metro
jsalonspa.com,beauty_medspa,Chicago,metro
latan.com,beauty_medspa,Chicago,metro
emergemedspa.com,beauty_medspa,Chicago,metro
goatchicago.com,beauty_medspa,Chicago,metro
floatspacetime.com,beauty_medspa,Chicago,metro
urbanoasismassage.com,beauty_medspa,Chicago,metro
blushinc.net,beauty_medspa,Chicago,metro
threadaway.com,beauty_medspa,Chicago,metro
ravenswoodvet.com,veterinary,Chicago,metro
banfield.com,veterinary,Chicago,metro
villagewestvet.com,veterinary,Chicago,metro
partnersvetsl.com,veterinary,Chicago,metro
burnhamparkvet.com,veterinary,Chicago,metro
companionrn.com,veterinary,Chicago,metro
wrigleyvillevet.com,veterinary,Chicago,metro
splootvets.com,veterinary,Chicago,metro
vetique.com,veterinary,Chicago,metro
nearnorthanimalhospital.com,veterinary,Chicago,metro
goodvets.com,veterinary,Chicago,metro
oldtownvetcare.com,veterinary,Chicago,metro
blvd.vet,veterinary,Chicago,metro
roscoevillageanimalhospital.com,veterinary,Chicago,metro
lincolnsquareanimalhospital.com,veterinary,Chicago,metro
laraautoservice2.com,auto_repair,Chicago,metro
erielasalle.com,auto_repair,Chicago,metro
crashchampions.com,auto_repair,Chicago,metro
fultondesplainesgarage.com,auto_repair,Chicago,metro
kraftsmenauto.com,auto_repair,Chicago,metro
lincolnsquareautoservice.com,auto_repair,Chicago,metro
aandpautorepair.com,auto_repair,Chicago,metro
midtownautorepair.com,auto_repair,Chicago,metro
jiffylube.com,auto_repair,Chicago,metro
gerbercollision.com,auto_repair,Chicago,metro
citytirecorp.com,auto_repair,Chicago,metro
take5.com,auto_repair,Chicago,metro
americasbest.com,optician,Chicago,metro
pearlevision.com,optician,Chicago,metro
live.pearlevision.com,optician,Chicago,metro
amatterofsight.com,optician,Chicago,metro
bigcityoptical.com,optician,Chicago,metro
visionaryec.com,optician,Chicago,metro
locations.myeyedr.com,optician,Chicago,metro
myeyedr.com,optician,Chicago,metro
roscoevillage@customeyes2020.com,optician,Chicago,metro
opticatropical.net,optician,Chicago,metro
miamiopticaleyecare.com,optician,Chicago,metro
latinosincometax.com,accounting,Dallas,metro
randrtax.com,accounting,Dallas,metro
centrolatinoincometax.com,accounting,Dallas,metro
janisrfarrowcpa.com,accounting,Dallas,metro
burgesscpas.com,accounting,Dallas,metro
priolo.cpa,accounting,Dallas,metro
dentaldreams.com,dentist,Dallas,metro
markgloverdds.com,dentist,Dallas,metro
fitzdentaldallas.com,dentist,Dallas,metro
myhermosadental.com,dentist,Dallas,metro
bishopartskidsdentist.com,dentist,Dallas,metro
bellafamilydental.com,dentist,Dallas,metro
penndentaldfw.com,dentist,Dallas,metro
luxedentaldallas.com,dentist,Dallas,metro
dulcedentalofdallas.com,dentist,Dallas,metro
deepellumdentist.com,dentist,Dallas,metro
allheartdentalcare.com,dentist,Dallas,metro
myidealdental.com,dentist,Dallas,metro
vhdentistry.com,dentist,Dallas,metro
mytoothhq.com,dentist,Dallas,metro
drellisorthodontics.com,dentist,Dallas,metro
dentalzoneofdallas.com,dentist,Dallas,metro
ferrarismiles.com,dentist,Dallas,metro
luxuridental.com,dentist,Dallas,metro
parkcitiesdentalgroup.com,dentist,Dallas,metro
myvivadental.com,dentist,Dallas,metro
rossavefamilydental.com,dentist,Dallas,metro
advantagedental.com,dentist,Dallas,metro
pdckids.com,dentist,Dallas,metro
drdenarobinson.com,dentist,Dallas,metro
dentistsofwhiterock.com,dentist,Dallas,metro
dtxdentalstudio.com,dentist,Dallas,metro
billwhitleydds.com,dentist,Dallas,metro
whiterockorthodontics.com,dentist,Dallas,metro
hfdentist.com,dentist,Dallas,metro
whiterock.mintdentistry.com,dentist,Dallas,metro
ondafamilylaw.com,lawyer,Dallas,metro
clementslaw.com,lawyer,Dallas,metro
saputo.law,lawyer,Dallas,metro
kastllaw.com,lawyer,Dallas,metro
hastingsfirm.com,lawyer,Dallas,metro
thebentonlawfirm.com,lawyer,Dallas,metro
brookerlaw.com,lawyer,Dallas,metro
lyons-simmons.com,lawyer,Dallas,metro
mullenandmullen.com,lawyer,Dallas,metro
degrootepartners.com,lawyer,Dallas,metro
thorpehatcher.com,lawyer,Dallas,metro
ticketattorneydallas.com,lawyer,Dallas,metro
michelgray.com,lawyer,Dallas,metro
affordablepatentagency.com,lawyer,Dallas,metro
robwiley.com,lawyer,Dallas,metro
elainelawgroup.com,lawyer,Dallas,metro
dallas-probate.com,lawyer,Dallas,metro
firsttexasgroup.com,lawyer,Dallas,metro
scorebusinesscredit.com,lawyer,Dallas,metro
guardialaw.com,lawyer,Dallas,metro
luisperezlaw.com,lawyer,Dallas,metro
oilandgasfraudlawyer.com,lawyer,Dallas,metro
brownstonelaw.com,lawyer,Dallas,metro
versustexas.com,lawyer,Dallas,metro
montgomeryfirm.com,lawyer,Dallas,metro
nomibath.com,plumber,Dallas,metro
urbanleasing.com,real_estate,Dallas,metro
trinityloft.com,real_estate,Dallas,metro
soldmyland4cash.com,real_estate,Dallas,metro
richardsontxrealestate.com,real_estate,Dallas,metro
longhornland.org,real_estate,Dallas,metro
webuylandntx.com,real_estate,Dallas,metro
txhomebuyingpros.com,real_estate,Dallas,metro
texassellmyhouse.com,real_estate,Dallas,metro
impressionhomes.net,real_estate,Dallas,metro
dwell-inc.com,real_estate,Dallas,metro
alchemysalon.net,beauty_medspa,Dallas,metro
championsnailspadallas.com,beauty_medspa,Dallas,metro
hiatusspa.com,beauty_medspa,Dallas,metro
jcosmonails.com,beauty_medspa,Dallas,metro
lstreetssalon.com,beauty_medspa,Dallas,metro
sheardivaartistry.com,beauty_medspa,Dallas,metro
shopvoguehair.com,beauty_medspa,Dallas,metro
locations.woodhousespas.com,beauty_medspa,Dallas,metro
dallas.hydrateivbar.com,beauty_medspa,Dallas,metro
browlady.com,beauty_medspa,Dallas,metro
signaturenailsalondallas.com,beauty_medspa,Dallas,metro
thelashlounge.com,beauty_medspa,Dallas,metro
vienailbar.com,beauty_medspa,Dallas,metro
salonsuiteshillsidevillage.com,beauty_medspa,Dallas,metro
the-orangesalon.com,beauty_medspa,Dallas,metro
cupcakepolish.com,beauty_medspa,Dallas,metro
liplab.com,beauty_medspa,Dallas,metro
cinthiasbeauty.com,beauty_medspa,Dallas,metro
lavuinailspadallas.com,beauty_medspa,Dallas,metro
glotanning.com,beauty_medspa,Dallas,metro
radiantwaxing.com,beauty_medspa,Dallas,metro
theonlyfacial.com,beauty_medspa,Dallas,metro
upkeepmedspa.com,beauty_medspa,Dallas,metro
alchemyfacebar.com,beauty_medspa,Dallas,metro
mattisonsalonsuites.com,beauty_medspa,Dallas,metro
texaire.com,hvac,Dallas,metro
ellisac.com,hvac,Dallas,metro
chapmanair.com,hvac,Dallas,metro
urgentvet.com,veterinary,Dallas,metro
modernanimal.com,veterinary,Dallas,metro
eastdallasvetclinic.com,veterinary,Dallas,metro
petfolk.com,veterinary,Dallas,metro
aandbanimalclinic.com,veterinary,Dallas,metro
cityvet.com,veterinary,Dallas,metro
vickeryplaceanimalhospital.com,veterinary,Dallas,metro
eastlakeveterinaryhospital.com,veterinary,Dallas,metro
elrenegadobodyshopllc.com,auto_repair,Dallas,metro
dallasradiator.biz,auto_repair,Dallas,metro
toptierautodallas.com,auto_repair,Dallas,metro
starkeyservicecenter.com,auto_repair,Dallas,metro
texascollisioncenters.com,auto_repair,Dallas,metro
collisionmatrix.com,auto_repair,Dallas,metro
classic-self-services.edan.io,auto_repair,Dallas,metro
northlake-automotive.com,auto_repair,Dallas,metro
bengalautomotive.com,auto_repair,Dallas,metro
brakestopdallas.com,auto_repair,Dallas,metro
danascustoms.com,auto_repair,Dallas,metro
glassopticaloakcliff.com,optician,Dallas,metro
stores.warbyparker.com,optician,Dallas,metro
kentgroupcpa.com,accounting,Tucson,mid
orthoprostucson.com,dentist,Tucson,mid
wilmotfamilydentistry.com,dentist,Tucson,mid
swkidsdentistry.com,dentist,Tucson,mid
dvsmiles.com,dentist,Tucson,mid
primedentalaz.com,dentist,Tucson,mid
tucsonkidsdentist.com,dentist,Tucson,mid
elrio.org,dentist,Tucson,mid
myazlawyers.com,lawyer,Tucson,mid
1800theeagle.com,lawyer,Tucson,mid
davidjpolan.com,lawyer,Tucson,mid
zaneslaw.com,lawyer,Tucson,mid
wantafreshstart.com,lawyer,Tucson,mid
lippmanrecupero.com,lawyer,Tucson,mid
wattelandyork.com,lawyer,Tucson,mid
tucson.thesunnyplumber.com,plumber,Tucson,mid
giddurdunn.com,plumber,Tucson,mid
plumberoftucson.com,plumber,Tucson,mid
unionon6th.com,real_estate,Tucson,mid
casabonitarentals.com,real_estate,Tucson,mid
tucsonfoothills.com,real_estate,Tucson,mid
blissaesthetics.org,beauty_medspa,Tucson,mid
vnnailsinc.com,beauty_medspa,Tucson,mid
finaltouchspa.com,beauty_medspa,Tucson,mid
makabeauty.com,beauty_medspa,Tucson,mid
lashedwithloyalty.com,beauty_medspa,Tucson,mid
amorenaillounge.com,beauty_medspa,Tucson,mid
campbellnailspa.com,beauty_medspa,Tucson,mid
goettl.com,hvac,Tucson,mid
espinozaheatingandcoolingllc.com,hvac,Tucson,mid
covenantairesolutions.com,hvac,Tucson,mid
temcoair.com,hvac,Tucson,mid
airmaintenancehvac.com,hvac,Tucson,mid
spartantucson.com,hvac,Tucson,mid
sayco.com,hvac,Tucson,mid
rinconac.com,hvac,Tucson,mid
deserthillspc.com,veterinary,Tucson,mid
aloyalcompanion.com,veterinary,Tucson,mid
buenapetclinic.com,veterinary,Tucson,mid
speedwayvet.com,veterinary,Tucson,mid
benardavet.com,veterinary,Tucson,mid
primarilyjapanese.com,auto_repair,Tucson,mid
az-specialists.com,auto_repair,Tucson,mid
quickstartaz.com,auto_repair,Tucson,mid
importservicectr.com,auto_repair,Tucson,mid
advancedcalibrationspecialists.com,auto_repair,Tucson,mid
desert-tint.com,auto_repair,Tucson,mid
danspaintandbody.com,auto_repair,Tucson,mid
tcr2auto.com,auto_repair,Tucson,mid
ramsowersauto.com,auto_repair,Tucson,mid
carrepairtucson.com,auto_repair,Tucson,mid
friendlyautomotiveservice.com,auto_repair,Tucson,mid
wildcatautomotive.com,auto_repair,Tucson,mid
budgetautomotivetucson.com,auto_repair,Tucson,mid
bigskymotorcycles.com,auto_repair,Tucson,mid
goldiedieselaz.com,auto_repair,Tucson,mid
jackfurrier.com,auto_repair,Tucson,mid
royalcollisiontucson.com,auto_repair,Tucson,mid
brakemax.com,auto_repair,Tucson,mid
pepboys.com,auto_repair,Tucson,mid
thoroughbrednissan.com,auto_repair,Tucson,mid
parkerautoaz.com,auto_repair,Tucson,mid
customautosoundbystereopad.com,auto_repair,Tucson,mid
centralcollisioncenterpro.com,auto_repair,Tucson,mid
midas.com,auto_repair,Tucson,mid
aztranny.com,auto_repair,Tucson,mid
wayrightrepair.com,auto_repair,Tucson,mid
alvernonoptical-casas-adobes.com,optician,Tucson,mid
nationwidevision.com,optician,Tucson,mid
accentonvision.com,optician,Tucson,mid
azframedoctor.com,optician,Tucson,mid
nauglercpa.com,accounting,Boise,mid
periohealthidaho.com,dentist,Boise,mid
horizondentalbench.com,dentist,Boise,mid
osterkampfamilydental.com,dentist,Boise,mid
boise-dentist.com,dentist,Boise,mid
emeraldsmilesdentistry.com,dentist,Boise,mid
boiseendo.com,dentist,Boise,mid
areasontosmileboise.com,dentist,Boise,mid
boise-dentists.com,dentist,Boise,mid
scottwgrantdmd.com,dentist,Boise,mid
watersedgedentalboise.com,dentist,Boise,mid
pennsylvaniadentalboise.com,dentist,Boise,mid
boisepremierdentistry.com,dentist,Boise,mid
litsterfrost.com,lawyer,Boise,mid
exceed.legal,lawyer,Boise,mid
wollenlaw.com,lawyer,Boise,mid
wilneroreilly.com,lawyer,Boise,mid
coxlawboise.com,lawyer,Boise,mid
davisoncopple.com,lawyer,Boise,mid
riverstoneestateplanningandprobate.com,lawyer,Boise,mid
johnsonmaylaw.com,lawyer,Boise,mid
idemploymentlawyers.com,lawyer,Boise,mid
sawtoothdefenselawyers.com,lawyer,Boise,mid
larsencriminaldefense.com,lawyer,Boise,mid
markperison.com,lawyer,Boise,mid
adlawgroup.com,lawyer,Boise,mid
idahofamilylaw.com,lawyer,Boise,mid
hawleytroxell.com,lawyer,Boise,mid
givenspursley.com,lawyer,Boise,mid
idahoadvocates.com,lawyer,Boise,mid
bvwcomplaw.com,lawyer,Boise,mid
beaconplumbing.com,plumber,Boise,mid
expressplumbingidaho.com,plumber,Boise,mid
templetonrealestategroup.com,real_estate,Boise,mid
bhhssilverhawkrealty.com,real_estate,Boise,mid
ahgboise.com,real_estate,Boise,mid
ralstongroupproperties.com,real_estate,Boise,mid
adler-industrial.com,real_estate,Boise,mid
hawkinscompanies.com,real_estate,Boise,mid
anthology.realestate,real_estate,Boise,mid
thisisidaho.com,real_estate,Boise,mid
stayparagon.com,real_estate,Boise,mid
idahohomelandrealestate.com,real_estate,Boise,mid
solasalonstudios.com,beauty_medspa,Boise,mid
oilstudioskincare.com,beauty_medspa,Boise,mid
spaurbana.com,beauty_medspa,Boise,mid
reservations.waxcenter.com,beauty_medspa,Boise,mid
electricraystanning.com,beauty_medspa,Boise,mid
tendingtoes.com,beauty_medspa,Boise,mid
mspaboise.com,beauty_medspa,Boise,mid
brow4u.com,beauty_medspa,Boise,mid
tmlservice.com,hvac,Boise,mid
1sourceportableair.com,hvac,Boise,mid
idahoveterinarysurgery.com,veterinary,Boise,mid
vetwellcenter.com,veterinary,Boise,mid
hurlessbros.com,auto_repair,Boise,mid
automotiverepairboise.com,auto_repair,Boise,mid
boisemobilemechanic.com,auto_repair,Boise,mid
cascadeautoglass.com,auto_repair,Boise,mid
wilsonsrvrepair.com,auto_repair,Boise,mid
boiseaudio.com,auto_repair,Boise,mid
boisemercedesrepair.squarespace.com,auto_repair,Boise,mid
thehopshopllc.com,auto_repair,Boise,mid
hoffmanautobody.net,auto_repair,Boise,mid
bluewrench.com,auto_repair,Boise,mid
wizardautospecialties.com,auto_repair,Boise,mid
crankkit.com,auto_repair,Boise,mid
haroldsautobody.com,auto_repair,Boise,mid
mountainviewservicecar.com,auto_repair,Boise,mid
boisecollision.com,auto_repair,Boise,mid
boisemufflerrepairs.com,auto_repair,Boise,mid
iwantproof.com,optician,Boise,mid
cwccpas.com,accounting,Grand Rapids,mid
chdentistry.com,dentist,Grand Rapids,mid
wuattorneys.com,lawyer,Grand Rapids,mid
hoffersheremet.com,lawyer,Grand Rapids,mid
grabellaw.com,lawyer,Grand Rapids,mid
sibsco.com,real_estate,Grand Rapids,mid
preserveatwoodland.com,real_estate,Grand Rapids,mid
suntitle.com,real_estate,Grand Rapids,mid
apsaraspa.com,beauty_medspa,Grand Rapids,mid
shopmakeupblvd.com,beauty_medspa,Grand Rapids,mid
grlash.com,beauty_medspa,Grand Rapids,mid
kalonsalonandspa.us,beauty_medspa,Grand Rapids,mid
pethospicevet.com,veterinary,Grand Rapids,mid
animalclinicgrandrapids.com,veterinary,Grand Rapids,mid
vcahospitals.com,veterinary,Grand Rapids,mid
eastownvet.com,veterinary,Grand Rapids,mid
plymouthanimalclinic.com,veterinary,Grand Rapids,mid
hermitagetowing.com,auto_repair,Grand Rapids,mid
jacksservicecenter.com,auto_repair,Grand Rapids,mid
internationalcaraudiollc.com,auto_repair,Grand Rapids,mid
rapidoilandlubegr.com,auto_repair,Grand Rapids,mid
communityautomotive.com,auto_repair,Grand Rapids,mid
northeastautomotive.net,auto_repair,Grand Rapids,mid
quickstartbatteriesmi.com,auto_repair,Grand Rapids,mid
torqstorm.com,auto_repair,Grand Rapids,mid
bozemanortho.com,dentist,Bozeman,small
judnichlaw.com,lawyer,Bozeman,small
bozemanmtrealtyexpert.com,real_estate,Bozeman,small
sellmontanarealestate.com,real_estate,Bozeman,small
glovebeauty.shop,beauty_medspa,Bozeman,small
ambientairsolutions.com,hvac,Bozeman,small
20twentymt.com,optician,Bozeman,small
riverviewtaxdbq.com,accounting,Dubuque,small
mcdonaldandassociatescpas.com,accounting,Dubuque,small
eastdubuquedentist.com,dentist,Dubuque,small
rkenline.com,lawyer,Dubuque,small
hammerlawoffices.com,lawyer,Dubuque,small
ipasco.com,plumber,Dubuque,small
fringesalondbq.com,beauty_medspa,Dubuque,small
dubuquesupply.com,hvac,Dubuque,small
vaughnsauto.com,auto_repair,Dubuque,small
toysdonerightbodyshop.com,auto_repair,Dubuque,small
autodbq.com,auto_repair,Dubuque,small
tandemtire.com,auto_repair,Dubuque,small
mengdental.com,dentist,Missoula,small
missoulaoralsurgery.com,dentist,Missoula,small
granitepeakortho.com,dentist,Missoula,small
zanesullivan.com,lawyer,Missoula,small
lawmontana.com,lawyer,Missoula,small
stplawoffices.com,lawyer,Missoula,small
mckennastarin.com,lawyer,Missoula,small
csjlaw.com,lawyer,Missoula,small
montanalegaljustice.com,lawyer,Missoula,small
rentplum.com,real_estate,Missoula,small
purewestrealestate.com,real_estate,Missoula,small
kkmontana.com,real_estate,Missoula,small
bhhsmt.com,real_estate,Missoula,small
muffler-bandit.edan.io,auto_repair,Missoula,small
sedonanewdayspa.com,beauty_medspa,Sedona,tourism
sedonabluesage.com,beauty_medspa,Sedona,tourism
oakcreekclinic.com,veterinary,Sedona,tourism
redrockprecisionmotors.com,auto_repair,Sedona,tourism
clkcpa.com,accounting,Asheville,tourism
dwaynedillscpa.com,accounting,Asheville,tourism
acctspecialists.com,accounting,Asheville,tourism
ashevillesmiles.com,dentist,Asheville,tourism
plattdentalstudio.com,dentist,Asheville,tourism
rogertsmithatty.com,lawyer,Asheville,tourism
wnclawyers.com;http,lawyer,Asheville,tourism
callmyplumbers.com,plumber,Asheville,tourism
findyournextplace.com,real_estate,Asheville,tourism
townandmountain.com,real_estate,Asheville,tourism
salondragonfly.net,beauty_medspa,Asheville,tourism
drharpe.com,beauty_medspa,Asheville,tourism
legendsbarberandbeauty.com,beauty_medspa,Asheville,tourism
salon-intuition.com,beauty_medspa,Asheville,tourism
westashevillefamilyvet.com,veterinary,Asheville,tourism
importconcepts2.com,auto_repair,Asheville,tourism
larrysperformancewerks.com,auto_repair,Asheville,tourism
organic-mechanic.com,auto_repair,Asheville,tourism
oropeza-parks.com,accounting,Key West,tourism
caraccident.the-company-lawyer.com,lawyer,Key West,tourism
shiftinggearskeywest.com,auto_repair,Key West,tourism
oleservicios.com,accounting,Ann Arbor,university
arbor-dental.com,dentist,Ann Arbor,university
annarbororthodontics.com,dentist,Ann Arbor,university
rjstevensondds.com,dentist,Ann Arbor,university
enhancefamilydentistry.com,dentist,Ann Arbor,university
hurondentalcenter.com,dentist,Ann Arbor,university
annarborfamilydentistry.net,dentist,Ann Arbor,university
drphiltolbert.com,dentist,Ann Arbor,university
drhedentistry.com,dentist,Ann Arbor,university
dgydentistry.com,dentist,Ann Arbor,university
blossompediatricdental.com,dentist,Ann Arbor,university
dailydentalcenter.com,dentist,Ann Arbor,university
excelfamilydentistry.com,dentist,Ann Arbor,university
pdadentists.com,dentist,Ann Arbor,university
neweradentalmi.com,dentist,Ann Arbor,university
dentalhousemi.com,dentist,Ann Arbor,university
theleecenterdentistry.com,dentist,Ann Arbor,university
westfalldentistry.com,dentist,Ann Arbor,university
bonniepateldds.com,dentist,Ann Arbor,university
annarborsmiles.com,dentist,Ann Arbor,university
annarborsdentist.com,dentist,Ann Arbor,university
westannarbordentistry.com,dentist,Ann Arbor,university
mcnamaraorthodontics.com,dentist,Ann Arbor,university
wennerstendental.com,dentist,Ann Arbor,university
annarborpediatricdentistry.com,dentist,Ann Arbor,university
heysdental.com,dentist,Ann Arbor,university
valentinedentalcare.com,dentist,Ann Arbor,university
gasiorfamilydentalannarbor.com,dentist,Ann Arbor,university
greashaberdentistry.com,dentist,Ann Arbor,university
vivacqualaw.com,lawyer,Ann Arbor,university
hooperhathaway.com,lawyer,Ann Arbor,university
garrislaw.com,lawyer,Ann Arbor,university
arborypsilaw.com,lawyer,Ann Arbor,university
studentlegalservices.umich.edu,lawyer,Ann Arbor,university
swishercommercial.com,real_estate,Ann Arbor,university
jpcommercialre.com,real_estate,Ann Arbor,university
reinhartrealtors.com,real_estate,Ann Arbor,university
bhhssnyder.com,real_estate,Ann Arbor,university
michcomrealty.com,real_estate,Ann Arbor,university
libertytitle.com,real_estate,Ann Arbor,university
visavisa2.com,beauty_medspa,Ann Arbor,university
thewaxloft.com,beauty_medspa,Ann Arbor,university
divanailspaannarbor.com,beauty_medspa,Ann Arbor,university
avissasalon.com,beauty_medspa,Ann Arbor,university
ziptanzwellness.com,beauty_medspa,Ann Arbor,university
blackwidowbeauty.com,beauty_medspa,Ann Arbor,university
bebesnailsa2.com,beauty_medspa,Ann Arbor,university
naturalnailsspaannarbor.com,beauty_medspa,Ann Arbor,university
bellaninadayspa.com,beauty_medspa,Ann Arbor,university
bloomfieldnailsannarbor.com,beauty_medspa,Ann Arbor,university
mrsmichael.com,hvac,Ann Arbor,university
indoorcomfort.net,hvac,Ann Arbor,university
stadiumvet.com,veterinary,Ann Arbor,university
uptownvetclinic.com,veterinary,Ann Arbor,university
allcreaturesvet.net,veterinary,Ann Arbor,university
brewerstowing.com,auto_repair,Ann Arbor,university
washtenawauto.com,auto_repair,Ann Arbor,university
hendersonglass.com,auto_repair,Ann Arbor,university
stevesteebservice.com,auto_repair,Ann Arbor,university
ronsgaragea2.com,auto_repair,Ann Arbor,university
convenienceauto.com,auto_repair,Ann Arbor,university
autorepairsannarbor.com,auto_repair,Ann Arbor,university
rossbeakes.com,auto_repair,Ann Arbor,university
selectautoa2.com,auto_repair,Ann Arbor,university
victorylane.net,auto_repair,Ann Arbor,university
stadiumautoservice.com,auto_repair,Ann Arbor,university
goodyearautoservice.com,auto_repair,Ann Arbor,university
hooverstreetauto.com,auto_repair,Ann Arbor,university
japaneseautomi.com,auto_repair,Ann Arbor,university
stadiumopticians.com,optician,Ann Arbor,university
eyeglassworld.com,optician,Ann Arbor,university
locations.visionworks.com,optician,Ann Arbor,university
lawny.org,lawyer,Ithaca,university
dnamufflers.com,auto_repair,Ithaca,university
taberstreetauto.com,auto_repair,Ithaca,university
tcdmadison.com,dentist,Madison,university
dhamadison.com,dentist,Madison,university
usquaredental.com,dentist,Madison,university
firstchoicedental.com,dentist,Madison,university
monroestreetfamilydental.com,dentist,Madison,university
madisonlakesdental.com,dentist,Madison,university
bestdentistinmadison.com,dentist,Madison,university
scinicofamilydental.com,dentist,Madison,university
familiadental.com,dentist,Madison,university
madisonnofeardentistry.com,dentist,Madison,university
yourfamilylawcenter.com,lawyer,Madison,university
karplawfirm.com,lawyer,Madison,university
gustafsonlegal.com,lawyer,Madison,university
pembertonpi.com,lawyer,Madison,university
stangllaw.com,lawyer,Madison,university
quinncorealty.com,real_estate,Madison,university
the608team.com,real_estate,Madison,university
abodo.com,real_estate,Madison,university
sprinkmanrealestate.com,real_estate,Madison,university
broadwing-advisors.com,real_estate,Madison,university
lauerrealtygroup.com,real_estate,Madison,university
lotusartistrystudio.com,beauty_medspa,Madison,university
facefoundrie.com,beauty_medspa,Madison,university
dalesheating.com,hvac,Madison,university
isthmusvetcare.com,veterinary,Madison,university
gracecoffeewi.com,veterinary,Madison,university
lakeviewvetclinic.com,veterinary,Madison,university
springharboranimalhospital.com,veterinary,Madison,university
mvsvets.com,veterinary,Madison,university
apexautoshop.net,auto_repair,Madison,university
smarttoyota.com,auto_repair,Madison,university
wimotorsports.com,auto_repair,Madison,university
chetscarcare.com,auto_repair,Madison,university
speedymufflerandbrakecenter.com,auto_repair,Madison,university
zimbrickhonda.com,auto_repair,Madison,university
sparkleautobody.com,auto_repair,Madison,university
hansensautocenter.com,auto_repair,Madison,university
eyeopia.com,optician,Madison,university
